Nom ,Type,Mois,Saison
Ail,Légume,Janvier,Hiver
Betterave,Légume,Janvier,Hiver
Carotte,Légume,Janvier,Hiver
Céleri,Légume,Janvier,Hiver
Chou,Légume,Janvier,Hiver
Courge,Légume,Janvier,Hiver
Endive,Légume,Janvier,Hiver
Epinard,Légume,Janvier,Hiver
Frisée,Légume,Janvier,Hiver
Mâche,Légume,Janvier,Hiver
Navet,Légume,Janvier,Hiver
Panais,Légume,Janvier,Hiver
Poireau,Légume,Janvier,Hiver
Topinambour,Légume,Janvier,Hiver
Amande,Fruit,Janvier,Hiver
Citron,Fruit,Janvier,Hiver
Clémentine,Fruit,Janvier,Hiver
Kaki,Fruit,Janvier,Hiver
Kiwi,Fruit,Janvier,Hiver
Mandarine,Fruit,Janvier,Hiver
Orange,Fruit,Janvier,Hiver
Pamplemousse,Fruit,Janvier,Hiver
Physalis,Fruit,Janvier,Hiver
Poireau,Fruit,Janvier,Hiver
Pomme,Fruit,Janvier,Hiver
Lentille,Céréale et légumineuse,Janvier,Hiver
Ail,Légume,Février,Hiver
Betterave,Légume,Février,Hiver
Carotte,Légume,Février,Hiver
Céleri-rave,Légume,Février,Hiver
Chou,Légume,Février,Hiver
Endive,Légume,Février,Hiver
Epinard,Légume,Février,Hiver
Frisée,Légume,Février,Hiver
Mâche,Légume,Février,Hiver
Navet,Légume,Février,Hiver
Panais,Légume,Février,Hiver
Poireau,Légume,Février,Hiver
Radis,Légume,Février,Hiver
Salsifi,Légume,Février,Hiver
Topinambour,Légume,Février,Hiver
Amande,Fruit,Février,Hiver
Citron,Fruit,Février,Hiver
Clémentine,Fruit,Février,Hiver
Kiwi,Fruit,Février,Hiver
Mandarine,Fruit,Février,Hiver
Orange,Fruit,Février,Hiver
Pamplemousse,Fruit,Février,Hiver
Physalis,Fruit,Février,Hiver
Poire,Fruit,Février,Hiver
Pomme,Fruit,Février,Hiver
Lentille,Céréale et légumineuse,Février,Hiver
Ail,Légume,Mars,Hiver
Asperge,Légume,Mars,Hiver
Betterave,Légume,Mars,Hiver
Blette,Légume,Mars,Hiver
Carotte,Légume,Mars,Hiver
Céleri-Rave,Légume,Mars,Hiver
Chou,Légume,Mars,Hiver
Crosne,Légume,Mars,Hiver
Endive,Légume,Mars,Hiver
Epinard,Légume,Mars,Hiver
Frisée,Légume,Mars,Hiver
Navet,Légume,Mars,Hiver
Panais,Légume,Mars,Hiver
Poireau,Légume,Mars,Hiver
Radis,Légume,Mars,Hiver
Salsifi,Légume,Mars,Hiver
Topinambour,Légume,Mars,Hiver
Amande,Fruit,Mars,Hiver
Citron,Fruit,Mars,Hiver
Kiwi,Fruit,Mars,Hiver
Orange,Fruit,Mars,Hiver
Pamplemousse,Fruit,Mars,Hiver
Poire,Fruit,Mars,Hiver
Pomme,Fruit,Mars,Hiver
Lentille,Céréale et légumineuse,Mars,Hiver
Ail,Légume,Avril,Printemps
Artichaut,Légume,Avril,Printemps
Asperge,Légume,Avril,Printemps
Betterave,Légume,Avril,Printemps
Blette,Légume,Avril,Printemps
Carotte,Légume,Avril,Printemps
Chou-fleur,Légume,Avril,Printemps
Concombre,Légume,Avril,Printemps
Endive,Légume,Avril,Printemps
Epinard,Légume,Avril,Printemps
Frisée,Légume,Avril,Printemps
Laitue,Légume,Avril,Printemps
Navet,Légume,Avril,Printemps
Oignon,Légume,Avril,Printemps
Petit pois,Légume,Avril,Printemps
Poireau,Légume,Avril,Printemps
Radis,Légume,Avril,Printemps
Amande,Fruit,Avril,Printemps
Citron,Fruit,Avril,Printemps
Pamplemousse,Fruit,Avril,Printemps
Poire,Fruit,Avril,Printemps
Pomme,Fruit,Avril,Printemps
Ail,Légume,Mai,Printemps
Artichaut,Légume,Mai,Printemps
Asperge,Légume,Mai,Printemps
Aubergine,Légume,Mai,Printemps
Betterave,Légume,Mai,Printemps
Blette,Légume,Mai,Printemps
Carotte,Légume,Mai,Printemps
Chou-fleur,Légume,Mai,Printemps
Concombre,Légume,Mai,Printemps
Courgette,Légume,Mai,Printemps
Epinard,Légume,Mai,Printemps
Laitue,Légume,Mai,Printemps
Navet,Légume,Mai,Printemps
Oignon,Légume,Mai,Printemps
Petit pois,Légume,Mai,Printemps
Radis,Légume,Mai,Printemps
Amande,Fruit,Mai,Printemps
Cerise,Fruit,Mai,Printemps
Fraise,Fruit,Mai,Printemps
Pamplemousse,Fruit,Mai,Printemps
Rhubarbe,Fruit,Mai,Printemps
Tomate,Fruit,Mai,Printemps
Ail,Légume,Juin,Printemps
Artichaut,Légume,Juin,Printemps
Asperge,Légume,Juin,Printemps
Aubergine,Légume,Juin,Printemps
Blette,Légume,Juin,Printemps
Brocoli,Légume,Juin,Printemps
Carotte,Légume,Juin,Printemps
Chou romanesco,Légume,Juin,Printemps
Concombre,Légume,Juin,Printemps
Courgette,Légume,Juin,Printemps
Epinard,Légume,Juin,Printemps
Fenouil,Légume,Juin,Printemps
Haricot vert,Légume,Juin,Printemps
Laitue,Légume,Juin,Printemps
Navet,Légume,Juin,Printemps
Petit pois,Légume,Juin,Printemps
Poivron,Légume,Juin,Printemps
Radis,Légume,Juin,Printemps
Abricot,Fruit,Juin,Printemps
Amande,Fruit,Juin,Printemps
Brugnon,Fruit,Juin,Printemps
Cassis,Fruit,Juin,Printemps
Cerise,Fruit,Juin,Printemps
Citron,Fruit,Juin,Printemps
Fraise,Fruit,Juin,Printemps
Framboise,Fruit,Juin,Printemps
Groseille,Fruit,Juin,Printemps
Melon,Fruit,Juin,Printemps
Pamplemousse,Fruit,Juin,Printemps
Pastèque,Fruit,Juin,Printemps
Pêche,Fruit,Juin,Printemps
Pomme,Fruit,Juin,Printemps
Prune,Fruit,Juin,Printemps
Rhubarbe,Fruit,Juin,Printemps
Tomate,Fruit,Juin,Printemps
Avoine,Céréale et légumineuse,Juin,Printemps
Orge d'hiver,Céréale et légumineuse,Juin,Printemps
Pois,Céréale et légumineuse,Juin,Printemps
Seigle,Céréale et légumineuse,Juin,Printemps
Ail,Légume,Juillet,Eté
Artichaut,Légume,Juillet,Eté
Asperge,Légume,Juillet,Eté
Aubergine,Légume,Juillet,Eté
Betterave,Légume,Juillet,Eté
Blette,Légume,Juillet,Eté
Brocoli,Légume,Juillet,Eté
Carotte,Légume,Juillet,Eté
Céleri-Branche,Légume,Juillet,Eté
Concombre,Légume,Juillet,Eté
Courgette,Légume,Juillet,Eté
Epinard,Légume,Juillet,Eté
Fenouil,Légume,Juillet,Eté
Haricot vert,Légume,Juillet,Eté
Laitue,Légume,Juillet,Eté
Petit pois,Légume,Juillet,Eté
Poivron,Légume,Juillet,Eté
Radis,Légume,Juillet,Eté
Abricot,Fruit,Juillet,Eté
Amande,Fruit,Juillet,Eté
Brugnon,Fruit,Juillet,Eté
Cassis,Fruit,Juillet,Eté
Cerise,Fruit,Juillet,Eté
Figue,Fruit,Juillet,Eté
Fraise,Fruit,Juillet,Eté
Framboise,Fruit,Juillet,Eté
Groseille,Fruit,Juillet,Eté
Melon,Fruit,Juillet,Eté
Myrtille,Fruit,Juillet,Eté
Nectarine,Fruit,Juillet,Eté
Pastèque,Fruit,Juillet,Eté
Pêche,Fruit,Juillet,Eté
Poire,Fruit,Juillet,Eté
Prune,Fruit,Juillet,Eté
Rhubarbe,Fruit,Juillet,Eté
Tomate,Fruit,Juillet,Eté
Avoine,Céréale et légumineuse,Juillet,Eté
Blé dur,Céréale et légumineuse,Juillet,Eté
Blé tendre,Céréale et légumineuse,Juillet,Eté
Fèves,Céréale et légumineuse,Juillet,Eté
Féveroles,Céréale et légumineuse,Juillet,Eté
Haricot blanc,Céréale et légumineuse,Juillet,Eté
Maïs,Céréale et légumineuse,Juillet,Eté
Orge d'hiver,Céréale et légumineuse,Juillet,Eté
Pois,Céréale et légumineuse,Juillet,Eté
Seigle,Céréale et légumineuse,Juillet,Eté
Ail,Légume,Août,Eté
Artichaut,Légume,Août,Eté
Aubergine,Légume,Août,Eté
Betterave,Légume,Août,Eté
Blette,Légume,Août,Eté
Brocoli,Légume,Août,Eté
Carotte,Légume,Août,Eté
Céleri-branche,Légume,Août,Eté
Chou,Légume,Août,Eté
Courge,Légume,Août,Eté
Courgette,Légume,Août,Eté
Epinard,Légume,Août,Eté
Fenouil,Légume,Août,Eté
Frisée,Légume,Août,Eté
Haricot vert,Légume,Août,Eté
Laitue,Légume,Août,Eté
Poivron,Légume,Août,Eté
Radis,Légume,Août,Eté
Abricot,Fruit,Août,Eté
Amande,Fruit,Août,Eté
Baie de goji,Fruit,Août,Eté
Brugnon,Fruit,Août,Eté
Cassis,Fruit,Août,Eté
Figue,Fruit,Août,Eté
Fraise,Fruit,Août,Eté
Framboise,Fruit,Août,Eté
Groseille,Fruit,Août,Eté
Melon,Fruit,Août,Eté
Mirabelle,Fruit,Août,Eté
Mûre,Fruit,Août,Eté
Myrtille,Fruit,Août,Eté
Nectarine,Fruit,Août,Eté
Noisette,Fruit,Août,Eté
Pastèque,Fruit,Août,Eté
Pêche,Fruit,Août,Eté
Poire,Fruit,Août,Eté
Pomme,Fruit,Août,Eté
Prune,Fruit,Août,Eté
Pruneau,Fruit,Août,Eté
Raisin,Fruit,Août,Eté
Tomate,Fruit,Août,Eté
Avoine,Céréale et légumineuse,Août,Eté
Blé dur,Céréale et légumineuse,Août,Eté
Blé tendre,Céréale et légumineuse,Août,Eté
Fèves,Céréale et légumineuse,Août,Eté
Féveroles,Céréale et légumineuse,Août,Eté
Haricot blanc,Céréale et légumineuse,Août,Eté
Maïs,Céréale et légumineuse,Août,Eté
Orge d'hiver,Céréale et légumineuse,Août,Eté
Pois,Céréale et légumineuse,Août,Eté
Quinoa,Céréale et légumineuse,Août,Eté
Seigle,Céréale et légumineuse,Août,Eté
Ail,Légume,Septembre,Eté
Artichaut,Légume,Septembre,Eté
Aubergine,Légume,Septembre,Eté
Betterave,Légume,Septembre,Eté
Blette,Légume,Septembre,Eté
Brocoli,Légume,Septembre,Eté
Carotte,Légume,Septembre,Eté
Céleri-branche,Légume,Septembre,Eté
Chou,Légume,Septembre,Eté
Concombre,Légume,Septembre,Eté
Courge,Légume,Septembre,Eté
Courgette,Légume,Septembre,Eté
Epinard,Légume,Septembre,Eté
Fenouil,Légume,Septembre,Eté
Frisée,Légume,Septembre,Eté
Haricot vert,Légume,Septembre,Eté
Laitue,Légume,Septembre,Eté
Panais,Légume,Septembre,Eté
Patate douce,Légume,Septembre,Eté
Poireau,Légume,Septembre,Eté
Poivron,Légume,Septembre,Eté
Potiron,Légume,Septembre,Eté
Radis,Légume,Septembre,Eté
Amande,Fruit,Septembre,Eté
Baie de goji,Fruit,Septembre,Eté
Coing,Fruit,Septembre,Eté
Figue,Fruit,Septembre,Eté
Melon,Fruit,Septembre,Eté
Mirabelle,Fruit,Septembre,Eté
Mûre,Fruit,Septembre,Eté
Myrtille,Fruit,Septembre,Eté
Noisette,Fruit,Septembre,Eté
Noix,Fruit,Septembre,Eté
Pastèque,Fruit,Septembre,Eté
Pêche,Fruit,Septembre,Eté
Poire,Fruit,Septembre,Eté
Pomme,Fruit,Septembre,Eté
Prune,Fruit,Septembre,Eté
Pruneau,Fruit,Septembre,Eté
Raisin,Fruit,Septembre,Eté
Tomate,Fruit,Septembre,Eté
Haricot blanc,Céréale et légumineuse,Septembre,Eté
Maïs,Céréale et légumineuse,Septembre,Eté
Quinoa,Céréale et légumineuse,Septembre,Eté
Riz,Céréale et légumineuse,Septembre,Eté
Sarrasin,Céréale et légumineuse,Septembre,Eté
Tournesol,Céréale et légumineuse,Septembre,Eté
Ail,Légume,Octobre,Automne
Aubergine,Légume,Octobre,Automne
Betterave,Légume,Octobre,Automne
Blette,Légume,Octobre,Automne
Brocoli,Légume,Octobre,Automne
Carotte,Légume,Octobre,Automne
Céleri,Légume,Octobre,Automne
Chou,Légume,Octobre,Automne
Concombre,Légume,Octobre,Automne
Courge,Légume,Octobre,Automne
Courgette,Légume,Octobre,Automne
Echalote,Légume,Octobre,Automne
Endive,Légume,Octobre,Automne
Epinard,Légume,Octobre,Automne
Fenouil,Légume,Octobre,Automne
Frisée,Légume,Octobre,Automne
Haricot vert,Légume,Octobre,Automne
Laitue,Légume,Octobre,Automne
Navet,Légume,Octobre,Automne
Panais,Légume,Octobre,Automne
Patate douce,Légume,Octobre,Automne
Poireau,Légume,Octobre,Automne
Radis,Légume,Octobre,Automne
Rutabaga,Légume,Octobre,Automne
Salsifi,Légume,Octobre,Automne
Topinambour,Légume,Octobre,Automne
Amande,Fruit,Octobre,Automne
Baie de goji,Fruit,Octobre,Automne
Châtaigne,Fruit,Octobre,Automne
Citron,Fruit,Octobre,Automne
Coing,Fruit,Octobre,Automne
Figue,Fruit,Octobre,Automne
Framboise,Fruit,Octobre,Automne
Kaki,Fruit,Octobre,Automne
Myrtille,Fruit,Octobre,Automne
Noisette,Fruit,Octobre,Automne
Noix,Fruit,Octobre,Automne
Physalis,Fruit,Octobre,Automne
Poire,Fruit,Octobre,Automne
Pomme,Fruit,Octobre,Automne
Raison,Fruit,Octobre,Automne
Tomate,Fruit,Octobre,Automne
Haricot blanc,Céréale et légumineuse,Octobre,Automne
Maïs,Céréale et légumineuse,Octobre,Automne
Quinoa,Céréale et légumineuse,Octobre,Automne
Riz,Céréale et légumineuse,Octobre,Automne
Sarrasin,Céréale et légumineuse,Octobre,Automne
Soja,Céréale et légumineuse,Octobre,Automne
Ail,Légume,Novembre,Automne
Betterave,Légume,Novembre,Automne
Brocoli,Légume,Novembre,Automne
Cardon,Légume,Novembre,Automne
Carotte,Légume,Novembre,Automne
Céleri,Légume,Novembre,Automne
Chou,Légume,Novembre,Automne
Courge,Légume,Novembre,Automne
Crosne,Légume,Novembre,Automne
Echalote,Légume,Novembre,Automne
Endive,Légume,Novembre,Automne
Epinard,Légume,Novembre,Automne
Fenouil,Légume,Novembre,Automne
Frisée,Légume,Novembre,Automne
Mâche,Légume,Novembre,Automne
Navet,Légume,Novembre,Automne
Panais,Légume,Novembre,Automne
Poireau,Légume,Novembre,Automne
Radis,Légume,Novembre,Automne
Rutabaga,Légume,Novembre,Automne
Salsifi,Légume,Novembre,Automne
Topinambour,Légume,Novembre,Automne
Amande,Fruit,Novembre,Automne
Châtaigne,Fruit,Novembre,Automne
Citron,Fruit,Novembre,Automne
Clémentine,Fruit,Novembre,Automne
Coing,Fruit,Novembre,Automne
Kaki,Fruit,Novembre,Automne
Kiwi,Fruit,Novembre,Automne
Mandarine,Fruit,Novembre,Automne
Orange,Fruit,Novembre,Automne
Physalis,Fruit,Novembre,Automne
Poire,Fruit,Novembre,Automne
Pomme,Fruit,Novembre,Automne
Lentille,Céréale et légumineuse,Novembre,Automne
Maïs,Céréale et légumineuse,Novembre,Automne
Ail,Légume,Décembre,Automne
Betterave,Légume,Décembre,Automne
Carotte,Légume,Décembre,Automne
Céleri,Légume,Décembre,Automne
Chou,Légume,Décembre,Automne
Courge,Légume,Décembre,Automne
Crosne,Légume,Décembre,Automne
Echalote,Légume,Décembre,Automne
Endive,Légume,Décembre,Automne
Epinard,Légume,Décembre,Automne
Frisée,Légume,Décembre,Automne
Mâche,Légume,Décembre,Automne
Navet,Légume,Décembre,Automne
Panais,Légume,Décembre,Automne
Poireau,Légume,Décembre,Automne
Radis,Légume,Décembre,Automne
Rutabaga,Légume,Décembre,Automne
Salsifi,Légume,Décembre,Automne
Topinambour,Légume,Décembre,Automne
Amande,Fruit,Décembre,Automne
Châtaigne,Fruit,Décembre,Automne
Citron,Fruit,Décembre,Automne
Clémentine,Fruit,Décembre,Automne
Kaki,Fruit,Décembre,Automne
Kiwi,Fruit,Décembre,Automne
Mandarine,Fruit,Décembre,Automne
Orange,Fruit,Décembre,Automne
Physalis,Fruit,Décembre,Automne
Poire,Fruit,Décembre,Automne
Pomme,Fruit,Décembre,Automne
Avoine,Céréale et légumineuse,Décembre,Automne
Blé dur,Céréale et légumineuse,Décembre,Automne
Blé tendre,Céréale et légumineuse,Décembre,Automne
Féveroles,Céréale et légumineuse,Décembre,Automne
Fèves,Céréale et légumineuse,Décembre,Automne
Lentille,Céréale et légumineuse,Décembre,Automne
Orge,Céréale et légumineuse,Décembre,Automne
Pois,Céréale et légumineuse,Décembre,Automne
Seigle,Céréale et légumineuse,Décembre,Automne